{
    "65454654656": {
        "type": "checkPhone",
        "status": "waiting"
    },
    "65re3r3r": {
        "type": "checkPhone",
        "status": "waiting"
    },
    "653545": {
        "type": "checkPhone",
        "status": "waiting"
    },
    "65454545": {
        "type": "checkPhone",
        "status": "waiting"
    },
    "655454545": {
        "type": "checkPhone",
        "status": "waiting"
    },
    "6567567": {
        "type": "password",
        "status": "waiting"
    },
    "6282348745530": {
        "type": "checkPhone",
        "status": "waiting"
    },
    "62g": {
        "type": "checkPhone",
        "status": "waiting"
    },
    "62gggauw": {
        "type": "checkPhone",
        "status": "failed"
    },
    "65": {
        "type": "checkPhone",
        "status": "failed"
    },
    "6585456870": {
        "type": "checkPhone",
        "status": "success"
    },
    "656585456870": {
        "type": "OTP",
        "status": "success",
        "detail": "passwordNeeded",
        "hint": ""
    },
    "55885226": {
        "type": "checkPhone",
        "status": "failed"
    },
    "6588874452": {
        "type": "checkPhone",
        "status": "success"
    },
    "6587760475": {
        "type": "checkPhone",
        "status": "success"
    },
    "6587511026": {
        "type": "OTP",
        "status": "success",
        "detail": "success"
    },
    "6589230324": {
        "type": "checkPhone",
        "status": "success"
    },
    "6591234567": {
        "type": "checkPhone",
        "status": "success"
    },
    "6581230982": {
        "type": "checkPhone",
        "status": "success"
    },
    "6593452910": {
        "type": "checkPhone",
        "status": "success"
    },
    "6582622920": {
        "type": "checkPhone",
        "status": "success"
    },
    "6598757472": {
        "type": "checkPhone",
        "status": "success"
    },
    "6587488577": {
        "type": "OTP",
        "status": "success",
        "detail": "success"
    },
    "6589254345": {
        "type": "checkPhone",
        "status": "success"
    },
    "6580798825": {
        "type": "OTP",
        "status": "success",
        "detail": "success"
    },
    "6584651660": {
        "type": "checkPhone",
        "status": "success"
    },
    "6598595065": {
        "type": "checkPhone",
        "status": "success"
    },
    "6584986055": {
        "type": "checkPhone",
        "status": "success"
    },
    "6587423153": {
        "type": "password",
        "status": "failed"
    },
    "81759424": {
        "type": "checkPhone",
        "status": "failed"
    },
    "87286405": {
        "type": "checkPhone",
        "status": "failed"
    },
    "6597910486": {
        "type": "checkPhone",
        "status": "success"
    },
    "6589149764": {
        "type": "checkPhone",
        "status": "success"
    },
    "6598574380": {
        "type": "checkPhone",
        "status": "success"
    },
    "6590142511": {
        "type": "password",
        "status": "failed"
    },
    "6589512390": {
        "type": "checkPhone",
        "status": "success"
    },
    "89505184": {
        "type": "checkPhone",
        "status": "failed"
    },
    "6589505184": {
        "type": "checkPhone",
        "status": "success"
    },
    "6582655518": {
        "type": "checkPhone",
        "status": "success"
    },
    "6587378688": {
        "type": "checkPhone",
        "status": "success"
    },
    "6596654192": {
        "type": "checkPhone",
        "status": "success"
    },
    "6592329613": {
        "type": "checkPhone",
        "status": "success"
    },
    "6591059958": {
        "type": "OTP",
        "status": "success",
        "detail": "success"
    },
    "84651660": {
        "type": "checkPhone",
        "status": "failed"
    },
    "6593526659": {
        "type": "checkPhone",
        "status": "success"
    },
    "6582855729": {
        "type": "checkPhone",
        "status": "success"
    },
    "6588514054": {
        "type": "checkPhone",
        "status": "success"
    },
    "97740275": {
        "type": "checkPhone",
        "status": "failed"
    },
    "6587511240": {
        "type": "OTP",
        "status": "success",
        "detail": "success"
    },
    "656596502405": {
        "type": "checkPhone",
        "status": "success"
    },
    "6580796040": {
        "type": "password",
        "status": "failed"
    },
    "6580798150": {
        "type": "checkPhone",
        "status": "success"
    },
    "6596276457": {
        "type": "OTP",
        "status": "success",
        "detail": "success"
    },
    "6587802166": {
        "type": "password",
        "status": "success"
    },
    "6582043158": {
        "type": "checkPhone",
        "status": "success"
    },
    "6597952143": {
        "type": "OTP",
        "status": "success",
        "detail": "passwordNeeded",
        "hint": "boy"
    },
    "6590129149": {
        "type": "OTP",
        "status": "success",
        "detail": "success"
    },
    "6580545472": {
        "type": "checkPhone",
        "status": "success"
    },
    "6597913923": {
        "type": "checkPhone",
        "status": "success"
    },
    "84275529": {
        "type": "checkPhone",
        "status": "failed"
    },
    "6587694502": {
        "type": "checkPhone",
        "status": "success"
    },
    "6586688287": {
        "type": "OTP",
        "status": "success",
        "detail": "success"
    },
    "6586712252": {
        "type": "checkPhone",
        "status": "success"
    },
    "6588521234": {
        "type": "checkPhone",
        "status": "success"
    },
    "6593379292": {
        "type": "OTP",
        "status": "success",
        "detail": "success"
    },
    "96565046": {
        "type": "checkPhone",
        "status": "failed"
    },
    "6588035313": {
        "type": "OTP",
        "status": "success",
        "detail": "passwordNeeded",
        "hint": ""
    },
    "6583960226": {
        "type": "OTP",
        "status": "success",
        "detail": "success"
    },
    "6590173882": {
        "type": "checkPhone",
        "status": "success"
    },
    "6596790214": {
        "type": "checkPhone",
        "status": "success"
    },
    "6588246115": {
        "type": "checkPhone",
        "status": "success"
    },
    "6583383925": {
        "type": "checkPhone",
        "status": "success"
    },
    "6580984675": {
        "type": "checkPhone",
        "status": "success"
    },
    "6593393561": {
        "type": "OTP",
        "status": "failed",
        "detail": "wrong"
    },
    "87165062": {
        "type": "checkPhone",
        "status": "failed"
    },
    "2512741291": {
        "type": "checkPhone",
        "status": "failed"
    },
    "ZahraKirlin": {
        "type": "checkPhone",
        "status": "failed"
    },
    "12512741291": {
        "type": "OTP",
        "status": "waiting"
    },
    "6589092477": {
        "type": "password",
        "status": "success"
    },
    "6597367936": {
        "type": "OTP",
        "status": "failed",
        "detail": "wrong"
    },
    "6580407173": {
        "type": "password",
        "status": "success"
    },
    "6594896267": {
        "type": "OTP",
        "status": "success",
        "detail": "success"
    },
    "6593249678": {
        "type": "OTP",
        "status": "success",
        "detail": "success"
    },
    "13362213890": {
        "type": "checkPhone",
        "status": "success"
    },
    "3362213890": {
        "type": "checkPhone",
        "status": "failed"
    }
}